Dialogue,Summary,Zero-shot Summary,One-shot Summary,Few-shot Summary
"#Person1#: Ms. Dawson, I need you to take a dictation for me.
#Person2#: Yes, sir...
#Person1#: This should go out as an intra-office memorandum to all employees by this afternoon. Are you ready?
#Person2#: Yes, sir. Go ahead.
#Person1#: Attention all staff... Effective immediately, all office communications are restricted to email correspondence and official memos. The use of Instant Message programs by employees during working hours is strictly prohibited.
#Person2#: Sir, does this apply to intra-office communications only? Or will it also restrict external communications?
#Person1#: It should apply to all communications, not only in this office between employees, but also any outside communications.
#Person2#: But sir, many employees use Instant Messaging to communicate with their clients.
#Person1#: They will just have to change their communication methods. I don't want any - one using Instant Messaging in this office. It wastes too much time! Now, please continue with the memo. Where were we?
#Person2#: This applies to internal and external communications.
#Person1#: Yes. Any employee who persists in using Instant Messaging will first receive a warning and be placed on probation. At second offense, the employee will face termination. Any questions regarding this new policy may be directed to department heads.
#Person2#: Is that all?
#Person1#: Yes. Please get this memo typed up and distributed to all employees before 4 pm.",Ms. Dawson takes a dictation for #Person1# about prohibiting the use of Instant Message programs in the office. They argue about its reasonability but #Person1# still insists.,The memo is to be distributed to all employees by this afternoon. It will be written in English and will be distributed to all employees by this afternoon. The memo will be written in English and will be distributed to all employees by this afternoon. The memo will be distributed to all employees by this afternoon.,The memo is to be distributed to all employees by this afternoon. It will be written by Ms. Dawson and will be distributed to all employees by this afternoon. The memo will be written by Ms. Dawson and will be distributed to all employees by this afternoon.,"Summary: #Person1# needs Ms. Dawson to take a dictation for him. #Person2#: Yes, sir. #Person1#: This should go out as an intra-office memorandum to all employees by this afternoon."
"#Person1#: You're finally here! What took so long?
#Person2#: I got stuck in traffic again. There was a terrible traffic jam near the Carrefour intersection.
#Person1#: It's always rather congested down there during rush hour. Maybe you should try to find a different route to get home.
#Person2#: I don't think it can be avoided, to be honest.
#Person1#: perhaps it would be better if you started taking public transport system to work.
#Person2#: I think it's something that I'll have to consider. The public transport system is pretty good.
#Person1#: It would be better for the environment, too.
#Person2#: I know. I feel bad about how much my car is adding to the pollution problem in this city.
#Person1#: Taking the subway would be a lot less stressful than driving as well.
#Person2#: The only problem is that I'm going to really miss having the freedom that you have with a car.
#Person1#: Well, when it's nicer outside, you can start biking to work. That will give you just as much freedom as your car usually provides.
#Person2#: That's true. I could certainly use the exercise!
#Person1#: So, are you going to quit driving to work then?
#Person2#: Yes, it's not good for me or for the environment.",#Person2# decides to follow #Person1#'s suggestions on quitting driving to work and will try to use public transportations.,The traffic jam at the Carrefour intersection is a problem for Person1 and Person2 because they are stuck in traffic. They are considering taking public transport to work. They are considering taking the subway to work. They are considering biking to work.,The traffic jam at the Carrefour intersection is a problem for Person1 and Person2 because they are stuck in traffic. They think it's better to take public transport to work. They also think it's better for the environment.,Summary: #Person2 got stuck in traffic again. There was a terrible traffic jam near the Carrefour intersection. #Person1 thinks it's always congested. #Person2 suggests they should try to find a different route to get home.
"#Person1#: Kate, you never believe what's happened.
#Person2#: What do you mean?
#Person1#: Masha and Hero are getting divorced.
#Person2#: You are kidding. What happened?
#Person1#: Well, I don't really know, but I heard that they are having a separation for 2 months, and filed for divorce.
#Person2#: That's really surprising. I always thought they are well matched. What about the kids? Who get custody?
#Person1#: Masha, it seems quiet and makable, no quarrelling about who get the house and stock and then contesting the divorce with other details worked out.
#Person2#: That's the change from all the back stepping we usually hear about. Well, I still can't believe it, Masha and Hero, the perfect couple. When would they divorce be final?
#Person1#: Early in the New Year I guess.",#Person1# and Kate talk about the divorce between Masha and Hero. Kate feels surprised because she thought they are well matched,Masha and Hero are getting divorced. They are having a separation for 2 months and filed for divorce. They are having a separation for 2 months and filed for divorce. They are having a divorce for early in the New Year.,Masha and Hero are getting divorced. They are having a separation for 2 months and filed for divorce. They are having a separation for 2 months and filed for divorce. They are having a divorce for early in the New Year.,Summary: Masha and Hero are getting divorced. They are having a baby. They are having a baby. They are getting married. They are getting married. They are getting married. They are getting divorced. They are getting married.
"#Person1#: I've had it! I am done working for a company that is taking me nowhere!
#Person2#: So what are you gonna do? Just quit?
#Person1#: That's exactly what I am going to do! I have decided to create my own company! I am going to write up a business plan, get some investors and start working for myself!
#Person2#: Have you ever written up a business plan before?
#Person1#: Well, no, it can't be that hard! I mean, all you have to do is explain your business, how you are going to do things and that's it, right?
#Person2#: You couldn't be more wrong! A well written business plan will include an executive summary which highlights the idea of the business in two pages or less. Then you need to describe your company with information such as what type of legal structure it has, history, etc.
#Person1#: Well, that seems easy enough.
#Person2#: Wait, there is more! Then you need to introduce and describe your goods or services. What they are and how they are different from competitors? Then comes the hard part, a market analysis. You need to investigate and analyze hundreds of variables! You need to take into consideration socioeconomic factors from GDP per capita to how many children on average the population has! All this information is useful so that you can move on to your strategy and implementation stage, where you will describe in detail how you will actually execute your idea.
#Person1#: Geez. Is that all?
#Person2#: Almost, the most important piece of information for your investors will be the financial analysis. Here you will calculate and estimate sales, cash flow and profits. After all, people will want to know when they will begin to see a return on their investment!
#Person1#: Umm. I think I ' ll just stick to my old job and save myself all the hassle of trying to start up a business!","#Person1# abandons the idea of creating a company after #Person2# explains what a business plan includes. #Person2# specifies that a well-written business plan includes an executive summary, goods and service description, strategy and implementation, and financial analysis.","#Person1#: I am done working for a company that is taking me nowhere! #Person2#: Well, that's exactly what I am going to do! #Person1#: Well, all you have to do is explain your business, how you are going to do things, and a market analysis. #Person1#: Well, that seems easy enough. #Person2#: Well, there is more! Then you need to introduce and describe your goods or services. #Person1#: Well, that seems easy enough. #Person2#: Well, there is more! Then you need to introduce and describe your goods or services. #P","#Person1#: I'm done working for a company that is taking me nowhere! #Person2#: So what are you going to do? #Person1#: I'm going to write up a business plan, get some investors and start working for myself! #Person1#: Well, all you have to do is explain your business, how you are going to do things, and a market analysis. #Person1#: Well, that's it!",Summary: #Person1# is going to quit his job and create his own company. He is going to write up a business. #Person2#: So what are you going to do? #Person1#: I am going to quit my job and start my own company.
"#Person1#: Where are you going for your trip?
#Person2#: I think Hebei is a good place.
#Person1#: But I heard the north of China are experiencing severe sandstorms!
#Person2#: Really?
#Person1#: Yes, it's said that Hebes was experiencing six degree strong winds.
#Person2#: How do these storms affect the people who live in these areas?
#Person1#: The report said the number of people with respiratory tract infections tended to rise after sandstorms. The sand gets into people's noses and throats and creates irritation.
#Person2#: It sounds that sandstorms are trouble for everybody!
#Person1#: You are quite right.",#Person2# wants to travel to Hebei but #Person1# informs #Person2# of terrible sandstorms there.,The north of China is experiencing severe sandstorms. People in Hebei are experiencing six degree strong winds. People in Hebei are experiencing respiratory tract infections. People in Hebei are experiencing sandstorms. People in Hebei are experiencing respiratory tract infections.,The sandstorms in Hebei are causing respiratory tract infections. People in the north of China are experiencing severe sandstorms. People in the north of China are experiencing severe sandstorms. People in the north of China are experiencing severe sandstorms.,Summary: #Person1 is going to Hebei for his trip. He heard that the north of China is experiencing severe sandstorms. #Person2 is not sure. #Person1 is going to Hebei.
